residues,energy,std
LYS   1,-42.2656542703989,16.6001921725838
CYS   2,-1.41347050194798,1.46827689759398
TYR   3,-2.84129188318248,1.20623244591862
PHE   4,-3.18646386952728,0.717337678058828
GLN   5,-0.809947173374428,0.486267219711072
ALA   6,-0.734711368307063,0.289427134147813
GLN   7,-0.030828298247257,0.37806617508236
ALA   8,0.061024398340006,0.073111300155653
PRO   9,0.167338838613035,0.076863905801742
CYS  10,-0.264745669758716,0.102656761831928
HIE  11,0.194670985956582,0.155911545042006
TYR  12,-0.201601429022067,0.119405189066857
GLU  13,-2.19978206275224,1.12326729132102
GLY  14,-0.065406034431966,0.047949722226778
LYS  15,2.8614379396495,1.09353328767591
TYR  16,-0.116805004934545,0.069934552347857
PHE  17,0.029195524439917,0.082890885844463
THR  18,-0.001856114695408,0.120478844666949
LEU  19,-0.041429068836469,0.126181747642437
GLY  20,-0.276530273821695,0.359166984681901
GLU  21,-2.80984940583107,1.84460957582724
SER  22,-2.00109829801258,1.29344865965048
TRP  23,0.221432611611473,0.375034132417538
LEU  24,-0.17104375725483,0.189591561979892
ARG  25,0.780753111524715,2.20757939478109
LYS  26,3.01054042179688,1.16624393058644
ASP  27,-3.29218215291723,2.24907784339335
CYS  28,-1.02705532499716,1.01680300761368
PHE  29,-1.19894169595063,0.866246443418116
HIE  30,-4.92919118596482,2.27790579511428
CYS  31,-2.27648955580854,0.798208631932082
THR  32,-6.6689742648389,1.48772799085845
CYS  33,-0.456602732518441,0.188330165510786
LEU  34,-1.66051130076259,0.45696945477559
HIE  35,-0.085831586327078,0.147628938454986
PRO  36,0.22327707916119,0.08716767463062
VAL  37,-1.03537174731833,0.60890203816962
GLY  38,-1.03653829365974,0.3156690345743
VAL  39,-0.810971657011037,0.389466307591682
GLY  40,-1.05010601629786,0.693706967298002
CYS  41,-2.50449041339829,1.1838258421855
CYS  42,-4.31249875379203,1.38632839894838
ASP  43,-7.80306217775723,9.55654913686363
THR  44,-0.328510175485309,2.06307538237779
SER  45,-10.0170392777301,3.02557294770655
GLN  46,-4.06868530533388,2.85646687861127
HIE  47,-2.45789140530429,2.54605484280516
PRO  48,-1.59243251041897,1.94138374388043
ILE  49,-0.295736057769006,0.962392213579903
ASP  50,-45.2151695468932,10.3806283983016
PHE  51,-0.04628080689613,0.326910530288885
PRO  52,-0.430389621656575,0.250822067517318
ALA  53,-0.192173528690392,0.146114595736706
GLY  54,0.03785724396726,0.097077460709369
CYS  55,0.102551178365146,0.221615681693487
GLU  56,-15.7059733046798,1.69815173477157
VAL  57,0.600452634416736,0.168119068937694
ARG  58,18.5871009335777,2.55319795698148
GLN  59,-1.85571252846694,1.2805256853373
GLU  60,-41.8095145162673,8.18024842917958
ALA  61,-2.50100806629118,1.95750888826173
GLY  62,-1.23273753300078,1.2716762233155
THR  63,-12.0931010810698,3.09548352727426
CYS  64,-6.08500122604537,2.42204937744685
GLN  65,-8.09043199599419,2.17352804902121
PHE  66,-1.72325143820084,0.675045468841313
SER  67,1.05624835246359,0.411373200313436
LEU  68,-1.01313782683778,0.206781290528694
VAL  69,0.014418393998405,0.175428074651136
GLN  70,0.793241806540363,0.852167230345109
LYS  71,18.1827712386894,1.99088816289103
SER  72,0.377660623432911,0.261090057419069
ASP  73,-23.1646765920268,3.17254915302364
PRO  74,-0.150163873224756,0.146517880022642
ARG  75,22.348814913731,4.07146424321608
LEU  76,0.927509710332336,0.248326457916681
PRO  77,-0.518061616585964,0.408725160603825
CYS  78,-1.12176298516765,0.680698234890923
LYS  79,35.659711440635,5.74654444055452
GLY  80,0.136431448016258,1.20617559172516
GLY  81,-0.407240446028958,1.11952503819181
GLY  82,-1.04954066332995,0.902275528778895
PRO  83,-0.846983859877891,0.862119683604863
ASP  84,-26.7105210758232,7.65044118880721
PRO  85,-21.3901786121083,4.75105547056949
GLY  86,-15.097204945901,8.09240577593776
ALA  87,-2.46022618882468,1.19363152294536
PRO  88,-4.60117957387025,1.24255886814877
CYS  89,-4.18033893710921,1.88097791956888
HIE  90,-2.77868828399287,1.68456437193619
LYS  91,-13.9716159955685,4.06834278988154
PHE  92,-3.60567881631708,0.97869302677919
ASP  93,-4.94986127343098,3.93230133864647
VAL  94,-2.2291503358961,0.389004413847939
LYS  95,-5.26568822336026,2.27580384796846
GLN  96,-6.09783590605764,2.20999865814736
ILE  97,-5.50763465294656,0.722220706229377
GLY  98,-0.387923475371589,0.181171073307083
ALA  99,-0.324137891129178,0.264386235651761
GLN 100,-3.05647255472127,0.99366054297116
LEU 101,-0.756458829450484,0.342383837675561
LEU 102,0.105239833121745,0.102172091956042
PRO 103,0.30744005753058,0.18957071472602
PRO 104,-0.001739225571005,0.07652284882203
LEU 105,0.007373841675124,0.054279901541678
TYR 106,0.102940233073312,0.103361172881472
SER 107,0.069565395196776,0.088526488329404
LEU 108,0.018568827998707,0.039707590305685
VAL 109,0.032785718405117,0.041489190358096
PHE 110,0.076881128304417,0.050160162548439
ILE 111,0.065040129731228,0.039843916117704
PHE 112,0.017456424114984,0.025276528223268
GLY 113,0.029074348924649,0.031937400584729
PHE 114,0.040086452500166,0.030567024385924
VAL 115,0.03668979566514,0.023481802994785
GLY 116,0.003896688375919,0.02077290775201
ASN 117,0.042914388075203,0.052002109591399
MET 118,0.025858077896658,0.030907746037906
LEU 119,0.013260383467714,0.015332212304115
VAL 120,-0.009771299961178,0.016549406724542
VAL 121,-0.000800415545378,0.020760258050637
LEU 122,0.014240273504626,0.016525250270805
ILE 123,-0.001675314994501,0.011383204665861
LEU 124,-0.005110146703167,0.013668469846982
ILE 125,0.00137066553071,0.014937967673734
ASN 126,-0.001234470639269,0.01800904721153
CYS 127,0.021445609051202,0.013707831666269
LYS 128,-2.03809139643884,0.395815461809177
LYS 129,-2.37618709765856,0.535383528510752
LEU 130,0.015669915057915,0.008337323796919
LYS 131,-2.20896152885142,0.36366955631665
CYS 132,0.018065729581182,0.014016989445996
LEU 133,0.014687793143566,0.01495638165241
THR 134,0.025145274905222,0.016007211500232
ASP 135,2.30487493724277,0.47516439864082
ILE 136,0.011601827528096,0.018581013875709
TYR 137,0.016899397573547,0.016737821891633
LEU 138,0.024120534569903,0.019226296171769
LEU 139,0.006273217992552,0.021011670984919
ASN 140,0.073478834648422,0.048235181250397
LEU 141,0.035138860135042,0.028940279306663
ALA 142,0.006097844311542,0.025160716598487
ILE 143,-0.000905677867697,0.03242124682431
SER 144,0.057230435311021,0.042534534802695
ASP 145,2.76987916178892,0.827505946048329
LEU 146,-0.024440027262957,0.041083253944406
LEU 147,-0.014361916010371,0.054266622348152
PHE 148,-0.029951908988662,0.060697652537977
LEU 149,-0.074870723757844,0.055033038279213
ILE 150,-0.108898298706632,0.066974238848458
THR 151,-0.138642100309954,0.091773431300115
LEU 152,-0.175150490265102,0.09391154613564
PRO 153,-0.351123363479872,0.138203007832091
LEU 154,-0.505872905580792,0.171235182994653
TRP 155,-0.388677721191332,0.179198959582122
ALA 156,-0.491305060543986,0.222547954078945
HIE 157,-1.27849727404265,0.700126109204404
SER 158,-1.07588842236611,0.46050591694883
ALA 159,-0.548334856991812,0.299557233101251
ALA 160,-2.0181081860547,1.80477053779851
ASN 161,-5.15771175350118,4.71437586290082
GLU 162,-21.7923474104024,12.3714942687642
TRP 163,-2.27535502704575,1.77601693839072
VAL 164,0.381609936626109,0.30439796510688
PHE 165,0.857105894227468,0.406149382382995
GLY 166,-0.262380483760191,0.258408973425512
ASN 167,-0.683620634334349,0.72168856452414
ALA 168,-0.129043167548593,0.194164951889812
MET 169,0.01365983654834,0.209322679123465
CYS 170,-0.231348330991515,0.282609770445337
LYS 171,-9.18981098911978,3.88363803831357
LEU 172,0.005983463244317,0.116653068813145
PHE 173,-0.059450032967705,0.099649280057717
THR 174,-0.198297478580978,0.148077866806106
GLY 175,-0.06530753462358,0.087995250485625
LEU 176,-0.014834801218844,0.073002637847904
TYR 177,-0.137111598305802,0.096233060237963
HIE 178,-0.160911071059698,0.116392341286256
ILE 179,-0.052830759453093,0.052630985403207
GLY 180,-0.041527835240117,0.043124335455107
TYR 181,-0.047757167186585,0.034900279855279
PHE 182,-0.087773632707808,0.038881400967239
GLY 183,-0.032250223518794,0.034310329596465
GLY 184,-0.04100570408083,0.02782312302184
ILE 185,-0.067852214765687,0.028900103682063
PHE 186,-0.052714659083221,0.026101868143266
PHE 187,-0.035822518662767,0.021495876333737
ILE 188,-0.043293401590589,0.01847893284718
ILE 189,-0.050586092168516,0.019225171391113
LEU 190,-0.03770088958253,0.018963643167461
LEU 191,-0.028025170283627,0.015063022811622
THR 192,-0.046431785523919,0.018105844618283
ILE 193,-0.035614858574662,0.013398291099947
ASP 194,2.4186002208287,0.426116490093962
ARG 195,-2.3910342061112,0.465796317081627
TYR 196,-0.028340017332699,0.009950125862677
LEU 197,-0.02858981962134,0.010589939848246
ALA 198,-0.022045007228928,0.007403648215698
ILE 199,-0.023912681786123,0.0073704915531
VAL 200,-0.021510022003852,0.008008161292739
HIE 201,-0.017354946146923,0.009498194271252
ALA 202,0.008125472278292,0.006845385202843
VAL 203,0.006082746040068,0.006233163054927
PHE 204,0.001799603797091,0.006926642153444
ALA 205,0.011831147953968,0.007120704181285
LEU 206,0.013819895408364,0.00841750066484
LYS 207,-2.1607885208448,0.306947928196534
ALA 208,0.019065901739761,0.009036682463322
ARG 209,-2.34389096226128,0.409967450482371
THR 210,0.030432210697465,0.011906382982276
VAL 211,0.032596503032754,0.011619441310259
THR 212,0.029150251301045,0.0159831513738
PHE 213,0.03985771353798,0.015682573566006
GLY 214,0.040560191731984,0.015167152031251
VAL 215,0.041235108129329,0.017335110603409
VAL 216,0.048270526890338,0.020789686061581
THR 217,0.047916937001849,0.020920859226543
SER 218,0.047558332146196,0.023562953311525
VAL 219,0.055131117024743,0.025994997381053
ILE 220,0.066247701267153,0.029366187269751
THR 221,0.057174294030486,0.027372352194475
TRP 222,0.101646878755991,0.044507867472706
LEU 223,0.078931878869586,0.039607440627678
VAL 224,0.085557803850268,0.039054626459258
ALA 225,0.084497100284988,0.038396871939644
VAL 226,0.096122491812999,0.05023664826638
PHE 227,0.107005174475432,0.058328904107055
ALA 228,0.099656177269136,0.047894102510811
SER 229,0.123575134000427,0.068385783491218
VAL 230,0.172359196590383,0.114074743568108
PRO 231,0.289040636877143,0.158465764446552
GLY 232,0.309217028246621,0.129770976849983
ILE 233,0.301819483406921,0.174199303502438
ILE 234,0.344871174283193,0.400275028200679
PHE 235,0.400961558393783,0.236424943520732
THR 236,-0.23780952547601,0.15282400892534
LYS 237,-23.5276573244317,10.3768852379496
CYS 238,0.744003279471518,0.889397835125956
GLN 239,-9.62932922545866,2.24977543077017
LYS 240,-53.1261775426252,15.5537118989849
GLU 241,-4.50406200476228,6.7287448725438
ASP 242,-6.6058631136668,13.9322414074819
SER 243,-3.31596891210318,2.90429159331134
VAL 244,0.340164261915373,0.724981489488042
TYR 245,-3.12173038832611,2.14301083580761
VAL 246,1.10420067205809,0.312459639278044
CYS 247,-0.708812478311345,0.285156507577384
GLY 248,0.48022029930457,0.186024087622293
PRO 249,-0.033411764221614,0.193977495042998
TYR 250,-2.24693557833294,0.861754837622112
PHE 251,-0.451931684494942,0.452295888329928
PRO 252,-1.32457703113145,0.518386245282536
ARG 253,-6.82505736010821,3.39491239607081
GLY 254,-0.120962625123114,0.206125416279945
TRP 255,-0.380191838745354,0.314558488603291
ASN 256,-0.294951920893736,0.380460327706504
ASN 257,-0.067683227570788,0.271280818918555
PHE 258,-0.133366720723217,0.075769031526962
HIE 259,-0.166832387030372,0.107691854394254
THR 260,-0.088360961077886,0.087814114198548
ILE 261,-0.078391052929332,0.051229727339297
MET 262,-0.151669110889329,0.064857126283481
ARG 263,-4.39754476429401,1.11301910887707
ASN 264,-0.092139340336318,0.043404490090156
ILE 265,-0.071104847085273,0.033532949826719
LEU 266,-0.079779435243613,0.031413592864461
GLY 267,-0.058106899266871,0.028721032208897
LEU 268,-0.052886945705023,0.023001023117666
VAL 269,-0.061985068685424,0.023189195172808
LEU 270,-0.056475425478132,0.022818761715709
PRO 271,-0.049517422909122,0.019745492590568
LEU 272,-0.047086711663028,0.015706810232483
LEU 273,-0.047315527792862,0.016224425415196
ILE 274,-0.041350886796315,0.015318459858467
MET 275,-0.045321161958689,0.018940760346791
VAL 276,-0.038324185262025,0.011217015344343
ILE 277,-0.036856028441355,0.01177240869644
CYS 278,-0.029424810353932,0.012140614443859
TYR 279,-0.045710068127432,0.013477056754739
SER 280,-0.034276319356075,0.011320023395394
GLY 281,-0.026888019999076,0.008174035707486
ILE 282,-0.02840678566373,0.008389663865448
LEU 283,-0.028704208359392,0.00733569805735
LYS 284,-2.22065515570344,0.292089805281546
THR 285,-0.024894323821258,0.00882241221721
LEU 286,-0.021834345541745,0.005530831281127
LEU 287,-0.018362663856735,0.004790091120654
ARG 288,-1.96134018690729,0.256936555146042
CYS 289,-0.002931210541427,0.004998397208745
ARG 290,-1.75203819748791,0.234797796285805
ASN 291,0.028674178694698,0.010900105286651
GLU 292,1.92617611039001,0.26913243839927
LYS 293,-1.79574521635228,0.3022242271732
LYS 294,-1.85767094875713,0.305617415602451
ARG 295,-1.97718696216016,0.273559047695634
HIE 296,0.028901028725969,0.01692840307948
ARG 297,-1.9970014532791,0.377861530650707
ALA 298,0.021928401414578,0.008978731342983
VAL 299,0.027750812804352,0.008909565121405
ARG 300,-2.00249618594734,0.345676643450222
VAL 301,0.027149576957309,0.010564975196474
ILE 302,0.030280534287787,0.01197559725645
PHE 303,0.034064548578369,0.010903164578979
THR 304,0.027506311788857,0.015599728516352
ILE 305,0.030760883193711,0.015470967280416
MET 306,0.047920673734563,0.016428852990273
ILE 307,0.045856066825451,0.015326944782746
VAL 308,0.039617520411641,0.017467242285737
TYR 309,0.032204656429327,0.025271432888402
PHE 310,0.053981228669296,0.020109150808154
LEU 311,0.058860369971052,0.022410336721497
PHE 312,0.044311155517441,0.025510811449728
TRP 313,0.094500338941963,0.038272077934686
THR 314,0.078616442695987,0.034783361068672
PRO 315,0.095032818216998,0.037303474882247
TYR 316,0.077670843446467,0.058166268881802
ASN 317,0.114977338666087,0.069374946798609
ILE 318,0.071483303335343,0.039056818721152
VAL 319,0.088229838639249,0.047380749615551
ILE 320,0.087947169567101,0.058463068303229
LEU 321,0.071363304939414,0.053886700422559
LEU 322,0.051763159023926,0.054737216799361
ASN 323,0.19702990327892,0.164731591991775
THR 324,0.040926059234515,0.093473873549966
PHE 325,0.011116267286824,0.059805781575839
GLN 326,-0.00110186245439,0.153125468460934
GLU 327,6.04981847335808,2.08984604505484
PHE 328,0.002334860717999,0.073331247062836
PHE 329,-0.000777680208267,0.060215064403284
GLY 330,0.009134353939085,0.15195405689731
LEU 331,-0.080435256678738,0.10873501811622
SER 332,0.209866217706691,0.112618986088522
ASN 333,-0.080836201079283,0.200823093533968
CYS 334,-0.22781603309628,0.218489993662069
GLU 335,8.45552174892115,2.39009866726115
SER 336,-0.141493724999906,0.107963939420657
THR 337,-0.208001295805574,0.124125515366305
SER 338,-0.371570656840019,0.190160563262354
GLN 339,-0.460839979499106,0.223119138481911
LEU 340,-0.196180583880403,0.066237826063258
ASP 341,5.78767256525072,1.8311621286813
GLN 342,-0.276759193147561,0.240903082766767
ALA 343,-0.174937237483569,0.052763039813462
THR 344,-0.119711293089265,0.079774688103485
GLN 345,0.002952686674481,0.23888879381985
VAL 346,-0.139320179604712,0.050574610939675
THR 347,-0.072576317614691,0.042701264175871
GLU 348,3.90836465880235,1.17571468471885
THR 349,-0.144839151939802,0.069236772941734
LEU 350,-0.090576798639848,0.037125465473767
GLY 351,-0.058486347162044,0.035771375842046
MET 352,-0.081375397775772,0.068362528208771
THR 353,-0.084464427321877,0.036097159488439
HIE 354,-0.079797017730908,0.047486466353526
CYS 355,-0.010712225786962,0.029438698601675
CYS 356,-0.039083206751576,0.026289533726812
ILE 357,-0.03667016205356,0.016503079596638
ASN 358,-0.034171428888498,0.044998747587216
PRO 359,-0.002801061246781,0.020787087095348
ILE 360,-0.012042904007929,0.015658442535132
ILE 361,-0.015644362210347,0.014949186547263
TYR 362,-0.010429390661689,0.02219101492987
ALA 363,-0.006741573996332,0.015550907280156
PHE 364,-0.018383557371422,0.012209869873557
VAL 365,-0.022747056656768,0.009525766756536
GLY 366,-0.005273584444636,0.009017178927543
GLU 367,1.86185791462226,0.384939111441287
LYS 368,-2.00829783825352,0.375499974339491
PHE 369,-0.00976841614706,0.006781285177751
ARG 370,-1.9373525039203,0.431828837862674
ARG 371,-1.85851783070877,0.392618130613761
TYR 372,-0.015741387478514,0.011801038379993
LEU 373,-0.005267053809386,0.007386397363117
SER 374,-0.007711396070589,0.010748946150206
VAL 375,-0.012129748078548,0.006273314209019
PHE 376,-0.008685353211324,0.006418285797644
PHE 377,-0.005343428376693,0.005632827412866
ARG 378,-1.71190341671879,0.399914391747162
LYS 379,-1.96588495358806,0.469758084221025
HIE 380,1.77036502464027,0.462092908502827
GLY 381,-2.50532883960793,0.543276513629228
CYS 382,-0.007734277653988,0.015834625985759
THR 383,-0.012431953031319,0.010879397607648
LEU 384,0.023979512774518,0.009282318573137
SER 385,0.017235351016806,0.009296007065551
ALA 386,0.002303695884467,0.004629468650698
GLU 387,2.05233336164112,0.339756211294179
ASP 388,2.13192285823387,0.380538865052659
LYS 389,-2.51070581355708,0.497759590295081
ALA 390,0.004554843923319,0.004797154373584
ALA 391,-0.002979848671867,0.004485988867699
VAL 392,-0.010506002285645,0.006467104224635
GLU 393,2.362182715363,0.423844796342787
ARG 394,-2.02212956999677,0.325975009951348
SER 395,-0.023355857080442,0.010173544330263
LYS 396,-2.53627570017364,0.495605569171104
MET 397,0.000136395010779,0.009026442005651
ILE 398,-0.001269207111088,0.005300685812358
ASP 399,2.24668537116568,0.414438145164836
ARG 400,-2.46530522558848,0.460994629977346
ASN 401,-0.009827385390101,0.018335621427348
LEU 402,-0.008814187508972,0.006268533561521
ARG 403,-2.37232902700705,0.448779973574495
GLU 404,2.20817662421435,0.360218033310458
ASP 405,1.9948307845465,0.307759595731388
GLY 406,-0.013453214049161,0.006990769045626
GLU 407,2.21091922301323,0.365333847836912
LYS 408,-2.03168003343582,0.313194758582258
ALA 409,-0.010681338718516,0.005246198169777
ALA 410,-0.008900416771212,0.007069507425217
ARG 411,-2.15777949545056,0.348923246557618
GLU 412,1.8876599169054,0.274720776370642
VAL 413,-0.006407393356776,0.004438411283551
LYS 414,-1.86635979673868,0.284115190633302
LEU 415,-0.000897565796224,0.003327307927802
LEU 416,0.005156671722297,0.003120541415853
LEU 417,-0.000527101780456,0.002998708915571
LEU 418,0.004286574428246,0.002428949967839
GLY 419,0.003229881570915,0.002173010071349
ALA 420,0.002275628427374,0.003791772271436
GLY 421,0.010176350990592,0.002899014523386
GLU 422,1.42543971759497,0.159703890530146
SER 423,0.010350907802773,0.004087580189821
GLY 424,0.006479770622916,0.002406391906847
LYS 425,-1.49862453830608,0.177712826262735
SER 426,0.009395194792825,0.004502794475724
THR 427,0.00718591928592,0.004931760648507
ILE 428,0.007020470223584,0.002785452322384
VAL 429,0.010653276016213,0.003010256340209
LYS 430,-1.50764944036415,0.159838295898999
GLN 431,0.007471675022813,0.008424352136732
MET 432,0.010230632423195,0.005143624001502
LYS 433,-1.59713590341124,0.188896564989916
ILE 434,-0.0014965043235,0.003419584932947
ILE 435,1.5633466849668,0.166151990304934
THR 436,-1.49838362101619,0.179408754461339
THR 437,0.00372797211414,0.004439707191062
GLY 438,-0.004298191859311,0.004168308684262
ILE 439,0.000335438715146,0.003785965457769
VAL 440,-0.003100900581335,0.004735448725474
GLU 441,1.69081047998532,0.22851856153338
THR 442,0.0035534302117,0.004407883476871
HIE 443,-0.020597497605129,0.012801560059627
PHE 444,0.0077002173322,0.004108773150511
THR 445,-0.010449097396413,0.006134792520195
PHE 446,0.005895477362634,0.004290572901542
LYS 447,-1.88132048867726,0.22535928384775
ASP 448,2.01095719526968,0.265801509676928
LEU 449,-0.009765062095628,0.00554351518287
HIE 450,-0.004157979520327,0.011531818011964
PHE 451,-0.000256938915499,0.004230199417312
LYS 452,-1.80723333832031,0.253179443165807
MET 453,0.00089091477455,0.003954129972845
PHE 454,0.003508130531391,0.002917730687398
ASP 455,1.54378582828332,0.190901894336283
VAL 456,-0.005122633305746,0.002087997976211
GLY 457,0.00640166779763,0.003949591377823
ALA 458,-0.003106703425471,0.002388514152111
GLN 459,0.009697187704956,0.007561287647283
ARG 460,-1.36702879524072,0.163934672033872
SER 461,0.007692499133053,0.004461437499866
GLU 462,1.47437381408386,0.210924943614815
ARG 463,-1.48239018238718,0.196424143632931
LYS 464,-1.47006811916184,0.225224851950413
LYS 465,-1.50636803866247,0.237865654840967
TRP 466,0.01584881733944,0.0045178429796
ILE 467,0.011536599067267,0.003188212884633
HIE 468,0.01700194861482,0.01059925802696
CYS 469,0.014272375770672,0.00525409302134
PHE 470,0.008510789145249,0.003209854390883
GLU 471,1.81193264318732,0.310910117827526
GLY 472,0.008116555831015,0.004802043441145
VAL 473,0.007105088970362,0.006106558251066
THR 474,0.002849229679173,0.006779867035322
ALA 475,0.003487677147426,0.003080195543027
ILE 476,0.007409995484885,0.003233077583435
ILE 477,-0.002805019220135,0.002487296288355
PHE 478,0.006423689062487,0.002511443725875
CYS 479,-0.000435219776379,0.003158540742555
VAL 480,0.005639225246446,0.002193174592182
ALA 481,-0.001917367626737,0.002072018680444
LEU 482,-0.006511292966931,0.002120230594016
SER 483,-0.002699739963325,0.002269122937068
ASP 484,1.40212662209099,0.151869201717768
TYR 485,-0.002426712405769,0.001713404609337
ASP 486,1.30552779013765,0.129428001661429
LEU 487,0.003060057253457,0.001921767715975
VAL 488,0.001235959176719,0.002643850988359
LEU 489,-0.0072661586382,0.002574086832312
ALA 490,-0.005725271160311,0.001949564982655
GLU 491,1.31249149081186,0.153864599400031
ASP 492,1.31545001542155,0.15193926258397
GLU 493,1.23603715455,0.132188561745586
GLU 494,1.26893989500641,0.138898785251704
MET 495,-0.003086505590529,0.003852908798875
ASN 496,0.01332987193401,0.004326485970496
ARG 497,-1.39062837665822,0.150406107948185
MET 498,0.011013668695161,0.004799167275339
HIE 499,0.005135958790993,0.004599677001305
GLU 500,1.40739539127336,0.172301837390809
SER 501,0.011001075536115,0.00402772159178
MET 502,0.00756439589333,0.004611407010322
LYS 503,-1.39195245086988,0.175358063975602
LEU 504,0.006879606993997,0.003944793452303
PHE 505,0.007637199974535,0.003858121295984
ASP 506,1.51006853300079,0.212385367133615
SER 507,0.005461364931649,0.00540690060546
ILE 508,0.006062571337445,0.004790912317889
CYS 509,0.010036234176812,0.004814787705053
ASN 510,0.015393814106333,0.006233474902298
ASN 511,0.023448704903462,0.007977396493438
LYS 512,-1.607723137809,0.284979751652724
TRP 513,0.02020817382132,0.006020120251807
PHE 514,0.001888719237736,0.00377988774589
THR 515,-0.003360914267739,0.008286293480234
ASP 516,1.81816280527208,0.302962671712639
THR 517,-0.009525622098474,0.005692740430573
SER 518,-0.00150254465495,0.004927907189758
ILE 519,0.007251652538363,0.003375112995494
ILE 520,-0.005962042810581,0.00241744282509
LEU 521,0.005509190945553,0.00256221330548
PHE 522,-0.006378631251038,0.002368103387271
LEU 523,0.005079239387233,0.002475583076692
ASN 524,-0.003828319133877,0.005874964166391
LYS 525,-1.42857716206979,0.146878528112746
LYS 526,-1.49004430440389,0.148440789536503
ASP 527,1.41786351944296,0.136629520368844
LEU 528,-0.007611544230527,0.002060655980892
PHE 529,-0.009169173486775,0.001975129274362
GLU 530,1.39465361310694,0.131569162006372
GLU 531,1.30843240924643,0.117425278116022
LYS 532,-1.33392533384763,0.130990190693671
ILE 533,-0.00716058136507,0.001889259130457
LYS 534,-1.32932212322881,0.119897996475164
LYS 535,-1.26968664605342,0.11535802955351
SER 536,0.003957461656474,0.002456360423204
PRO 537,-0.001293298639224,0.002276660400983
LEU 538,-0.001018202794453,0.002054685273087
THR 539,0.00101967866786,0.002276744944121
ILE 540,-0.000534420281443,0.002321156085775
CYS 541,0.002178092845097,0.003409814225796
TYR 542,-0.000134848533306,0.003160968261445
PRO 543,-0.001063733075184,0.002271672066996
GLU 544,1.36952262195367,0.159201625513203
TYR 545,-0.007328986759241,0.003822403217414
ALA 546,-0.004729315842099,0.003279097966156
GLY 547,3.68293743374249E-05,0.003693941271759
SER 548,-0.005424630217442,0.004385937963644
ASN 549,-0.00722509674355,0.00754334617104
THR 550,0.003773934462799,0.004048035767976
TYR 551,0.004036201400098,0.003057392730356
GLU 552,1.48543746174386,0.148110148648056
GLU 553,1.47569814121313,0.152511434357309
ALA 554,0.004221627541079,0.002712373804604
ALA 555,0.002592315100607,0.002777065864712
ALA 556,0.005368850339601,0.002871394175264
TYR 557,0.005740009417205,0.003620605060186
ILE 558,0.003862482212294,0.003200232031268
GLN 559,-0.00519122503049,0.005094442231349
CYS 560,0.007752993583718,0.004864249071437
GLN 561,0.004824987777857,0.008224749910552
PHE 562,0.003686876359247,0.003647648397257
GLU 563,1.64298797071354,0.210214664670363
ASP 564,1.53011080481396,0.200651584997887
LEU 565,0.00158144032421,0.003633680819246
ASN 566,-0.004056149885094,0.005570143627834
LYS 567,-1.52677402577872,0.219700477326228
ARG 568,-1.68428267843567,0.281539935013774
LYS 569,-1.60820220795869,0.224433365527561
ASP 570,1.74092966391416,0.284084079006917
THR 571,0.011439815279739,0.007467905535686
LYS 572,-1.67766393268771,0.24941892481455
GLU 573,1.7922123867183,0.252744519872689
ILE 574,0.00577469482965,0.003704971215198
TYR 575,-0.008321852761311,0.00420079439613
THR 576,0.004837196004928,0.003328437823585
HIE 577,-5.67981929554578E-05,0.005400540487762
PHE 578,0.0084398770558,0.00538194014755
THR 579,-0.008360887804945,0.00472147926285
CYS 580,0.00324801290871,0.005784675597464
SER 581,0.002383639358771,0.005273376045209
THR 582,0.003757047830011,0.003954070780738
ASP 583,1.59566988961873,0.171926717976544
THR 584,0.008912859629478,0.00678586683627
LYS 585,-1.66061782254362,0.176013706834979
ASN 586,0.012515136282327,0.005545837126593
VAL 587,0.008747474747437,0.003850191636597
GLN 588,0.010111251389674,0.008909761279096
PHE 589,0.013716682788511,0.004176425623454
VAL 590,0.010793355263536,0.004122842138168
PHE 591,0.009525712510626,0.004783039054508
ASP 592,1.87681112049128,0.234175627019668
ALA 593,0.012980385467496,0.004845813181592
VAL 594,0.010247405062122,0.005368652988144
THR 595,0.020424995015523,0.007219724884256
ASP 596,1.92286055284757,0.26087463801942
VAL 597,0.011362929785404,0.006220046924354
ILE 598,0.008020227654425,0.007692570756436
ILE 599,0.013818233399119,0.008337261675235
LYS 600,-1.85475828999722,0.27219047150146
ASN 601,0.001049579453917,0.015392585052026
ASN 602,0.007913281001939,0.021089625853768
LEU 603,0.014767943686516,0.010039948872004
LYS 604,-1.91200686886443,0.331839859014007
ASP 605,2.12945545140415,0.402267024944297
CYS 606,0.022738103064961,0.009890244492067
GLY 607,0.002589538540758,0.007531123765138
LEU 608,-0.011936526796715,0.007704525800888
PHE 609,1.98426195431957,0.36302305499531
SER 610,-1.11615369764582,0.122478332294444
GLU 611,1.12573927287298,0.122391053415406
LEU 612,0.001474639155298,0.001901187418705
ASP 613,1.15600079640164,0.134837556669871
GLN 614,0.002270336487797,0.003425261676249
LEU 615,0.001698980079567,0.002007107545714
ARG 616,-1.19754958536089,0.143981866700855
GLN 617,0.003959778236322,0.004870908491424
GLU 618,1.14423014780916,0.135993831297791
ALA 619,0.00163839205854,0.001877159745163
GLU 620,1.21330383027686,0.160603342082755
GLN 621,0.002516271186525,0.004062184667774
LEU 622,0.00113115193356,0.001963932127832
LYS 623,-1.24213843512253,0.16600658070599
ASN 624,0.008365138324552,0.005890961258251
GLN 625,0.000837105127158,0.004269199219797
ILE 626,0.000282346311949,0.00182068664556
ARG 627,-1.21712331070533,0.16959581453703
ASP 628,1.18934748660632,0.165787930034239
ALA 629,0.000579685246421,0.001807999499439
ARG 630,-1.28143909068179,0.184370785806754
LYS 631,-1.22025952600779,0.183547738841599
ALA 632,0.001189414313302,0.002105028844415
CYS 633,0.001083730318929,0.001854732095445
ALA 634,0.002162282448723,0.003241230159558
ASP 635,1.22380456196268,0.191082889027964
ALA 636,0.001510717008265,0.002416317846392
THR 637,-0.000296558789495,0.004146762161963
LEU 638,0.003444799251517,0.002608317476381
SER 639,0.00660446792296,0.004636709796785
GLN 640,0.004254115233427,0.006151744303392
ILE 641,0.004226110559777,0.003906197488379
THR 642,0.005647625408976,0.00504108542507
ASN 643,0.008607969025836,0.009946345360934
ASN 644,0.004936708280124,0.007568075616476
ILE 645,-0.002765698257493,0.003815857262056
ASP 646,1.46859681108793,0.293730170720849
PRO 647,0.002786345414418,0.00427219325535
VAL 648,0.006031845767064,0.006597663817657
GLY 649,-0.000918609287131,0.006651919403523
ARG 650,-1.67968646023091,0.438680160766512
ILE 651,8.67371259301441E-05,0.008240934183619
GLN 652,-0.002488919020032,0.019076522242539
MET 653,-0.001094628790631,0.008091512630966
ARG 654,-1.94611287195149,0.449719567968148
THR 655,0.007383795556538,0.007948275933503
ARG 656,-2.05012487435572,0.449334146809508
ARG 657,-2.32149908127457,0.520693715482066
THR 658,0.01070723923494,0.006471707018702
LEU 659,-0.004797162571606,0.005284477112267
ARG 660,-2.27001978687833,0.480088268150208
GLY 661,0.005123630128813,0.006199669973322
HIE 662,0.026334474902227,0.01003304903133
LEU 663,0.003985877507686,0.007251659116855
ALA 664,0.011435605905476,0.006339721209828
LYS 665,-1.79347951286814,0.30809940503819
ILE 666,-0.00596488031637,0.003529959629736
TYR 667,-0.004677614990632,0.005563681994743
ALA 668,0.011400312268206,0.003606229756
MET 669,-0.007022354620659,0.005614557638001
HIE 670,0.016599265209647,0.007388461514909
TRP 671,-0.00781314079869,0.005882009117453
GLY 672,-0.00691383739469,0.005172681776439
THR 673,0.000495524801925,0.005335215631572
ASP 674,1.81628703508108,0.301725147441522
SER 675,0.00763103495875,0.006191714591076
ARG 676,-1.9817652953487,0.34686063293893
LEU 677,-0.007426699219935,0.004763030638174
LEU 678,0.009248474035904,0.004043497931617
VAL 679,-0.002150660491307,0.00441035395351
SER 680,0.011367355892681,0.00644325240313
ALA 681,-0.001643919328362,0.004458286646847
SER 682,-0.007789715482838,0.007440847034719
GLN 683,0.003633033028872,0.006658273082117
ASP 684,1.92628929052775,0.315653780829705
GLY 685,0.005812579576251,0.004748736043002
LYS 686,-1.9421193496936,0.306163431974689
LEU 687,0.009088875561581,0.004150397968033
ILE 688,-0.013835104748923,0.004413337905486
ILE 689,0.014607487227979,0.004558721334697
TRP 690,-0.006300434603233,0.003012702490623
ASP 691,2.04031994061818,0.369786765590597
SER 692,0.014890581429982,0.010120187946749
TYR 693,0.018673380634064,0.01137475205954
THR 694,0.020265358319384,0.008712765791409
THR 695,0.021080386692082,0.010372515098214
ASN 696,0.001078772360555,0.00752539244835
LYS 697,-2.14725424792688,0.396816504456126
VAL 698,0.012801845886901,0.005392872508014
HIE 699,0.009604657006043,0.006906661897012
ALA 700,0.002323970049445,0.004183743992802
ILE 701,0.00377105831077,0.004023388484653
PRO 702,-0.010131091408299,0.003583977904309
LEU 703,0.01054883724739,0.003905479995202
ARG 704,-1.62474687405363,0.21431243413156
SER 705,0.003519552503037,0.006559618752666
SER 706,0.011965750660041,0.006971097050555
TRP 707,-0.004265719216515,0.003367661693326
VAL 708,0.00224903804955,0.003570804348244
MET 709,0.003993626819559,0.006810771159346
THR 710,-0.000235818924786,0.004473323263592
CYS 711,0.001123036157121,0.004801341542802
ALA 712,0.005074533282902,0.003595804925232
TYR 713,-0.007956200205471,0.005318795430701
ALA 714,0.011779596223631,0.004158249799031
PRO 715,0.009889254230814,0.004182477302029
SER 716,0.012882445992757,0.004607896428463
GLY 717,0.009296598524255,0.002919397257931
ASN 718,0.021468278732523,0.00843304670779
TYR 719,0.002452136957659,0.004615025582562
VAL 720,-0.004488001687707,0.004045749598284
ALA 721,0.00784167110938,0.004127408068081
CYS 722,-0.00066828926571,0.00332256411653
GLY 723,0.008510698002839,0.003964947681017
GLY 724,-0.009331064085424,0.002856092699067
LEU 725,-0.010049296205031,0.003886848551771
ASP 726,1.60234005088086,0.216315264041401
ASN 727,0.003955336995857,0.002209342162353
ILE 728,0.006701887703832,0.003380532225897
CYS 729,-0.004506366739193,0.00347393739246
SER 730,0.002220574647947,0.005528953449635
ILE 731,0.000783903578513,0.002885341650915
TYR 732,-0.003871097778394,0.005488005126728
ASN 733,0.01303347941859,0.009522822659689
LEU 734,0.012954699611902,0.003871391251136
LYS 735,-1.69653119242479,0.245499795720023
THR 736,0.011069669794916,0.007511353925361
ARG 737,-1.74485859405658,0.243899144401276
GLU 738,1.77253573788864,0.250148586787718
GLY 739,0.002391705948293,0.006659596323449
ASN 740,-0.00384297028912,0.010288565726964
VAL 741,0.00804074673787,0.004040588440369
ARG 742,-1.73351558935671,0.237504908421865
VAL 743,0.002348598269601,0.003755862407251
SER 744,-0.000981064916794,0.004111028857948
ARG 745,-1.52129332832139,0.188519452086939
GLU 746,1.57091412829817,0.20005333567539
LEU 747,0.007811529549225,0.002335792160678
ALA 748,0.004839011947516,0.003822688844667
GLY 749,-0.009662113174974,0.002736759959043
HIE 750,0.005759781840175,0.004048623880713
THR 751,-0.001144029020568,0.002246444155608
GLY 752,-0.001433441712323,0.002129439873986
TYR 753,-0.008446839856345,0.004012288255006
LEU 754,0.008450496943528,0.002990354698115
SER 755,0.011144684280234,0.004054620311932
CYS 756,-0.008064516725399,0.004113366489902
CYS 757,0.010796876678813,0.00479137806691
ARG 758,-1.58166576376848,0.245590129402339
PHE 759,-0.000524640655759,0.003052775999622
LEU 760,0.003399301278138,0.003249348899197
ASP 761,1.47800834593871,0.196378788546291
ASP 762,1.55513894366779,0.213309123901014
ASN 763,9.01091891437079E-07,0.007149834656749
GLN 764,0.003850142178066,0.006609446131695
ILE 765,-0.008930139894918,0.003093535492298
VAL 766,0.009877548904176,0.002763440337669
THR 767,-0.010861543174462,0.003723807067204
SER 768,0.010916269839605,0.003283682592417
SER 769,-0.007273113786642,0.004085441896626
GLY 770,-0.00727508303967,0.002312862444288
ASP 771,1.40857387584495,0.179742202496399
THR 772,-0.011857634021024,0.003458531033733
THR 773,0.007247822845708,0.004921159699909
CYS 774,-0.004241975578183,0.002269152963028
ALA 775,0.006708404129639,0.002656756642803
LEU 776,-0.003751387240087,0.002060394508775
TRP 777,0.000138182151252,0.002189116843671
ASP 778,1.43156388002302,0.174736307017886
ILE 779,0.000837370672598,0.002371937950237
GLU 780,1.49125615559733,0.182640010311268
THR 781,-0.001093296915316,0.003136646857819
GLY 782,-0.00012120166349,0.001835829327465
GLN 783,0.001276123095244,0.006120610676395
GLN 784,-0.01147306933579,0.007278576198731
THR 785,-0.005073217927641,0.003204760185257
THR 786,0.003895582763171,0.003065837928377
THR 787,-0.005268440784834,0.00400983959617
PHE 788,0.002246741328969,0.001919123977963
THR 789,0.005727870180143,0.003656926948814
GLY 790,-0.007486257830922,0.002005755421976
HIE 791,-0.006970835011678,0.004745067879838
THR 792,-0.001634293300228,0.001466555598932
GLY 793,-0.003692463826027,0.001932262206439
ASP 794,1.43247292947707,0.200899195570531
VAL 795,0.005809962221332,0.002007212376232
MET 796,0.011067912744808,0.005155254457339
SER 797,-0.011264716613801,0.003582271993431
LEU 798,0.009916360280469,0.003325050399813
SER 799,-0.012203792232305,0.003795750016402
LEU 800,0.005287294248939,0.003591446387331
ALA 801,0.006896231752606,0.002606782194231
PRO 802,0.00447133171678,0.002697610614537
ASP 803,1.40262988313879,0.19689986549676
THR 804,-0.001667210626312,0.004492705779362
ARG 805,-1.35415218202018,0.188912035110342
LEU 806,0.008228119199288,0.002482676668857
PHE 807,-0.008379691069759,0.002655993801205
VAL 808,0.007257454876936,0.002157070816811
SER 809,-0.009922579014514,0.002987465904505
GLY 810,0.004127404590263,0.002184428168955
ALA 811,0.000954705768537,0.002886338317698
CYS 812,0.00190016107489,0.00390000206133
ASP 813,1.36704648557647,0.196273320543166
ALA 814,-0.005588239399716,0.002368744882231
SER 815,0.007669869301337,0.003445696801772
ALA 816,-0.007021789911707,0.002125473557958
LYS 817,-1.31030974491534,0.174770828212009
LEU 818,-0.005225145660833,0.002036797635765
TRP 819,-0.000550392534144,0.001577747695266
ASP 820,1.32609860013582,0.172936245548924
VAL 821,-0.004200726375537,0.002998285602861
ARG 822,-1.33827805826209,0.174415075418875
GLU 823,1.26892736623738,0.153885437108181
GLY 824,-0.004934267059633,0.002535991093693
MET 825,0.006076173426856,0.003173704033747
CYS 826,-0.006892574655437,0.003163815410098
ARG 827,-1.29784170051443,0.169438601210571
GLN 828,0.009984340370022,0.003607382794109
THR 829,-0.00234369447638,0.001418049519902
PHE 830,0.00202800022844,0.002065333308718
THR 831,-0.000275307934094,0.003944423953093
GLY 832,0.000328333000036,0.003082723502566
HIE 833,-0.017334267154504,0.006598645089069
GLU 834,1.35527131910517,0.221978022823369
SER 835,0.00095197812722,0.003044553582892
ASP 836,1.45611330912872,0.231306285575832
ILE 837,0.001355400752977,0.002687465603187
ASN 838,-0.001722768947692,0.008080888187271
ALA 839,-0.006591057435709,0.002635922334608
ILE 840,0.008325739688698,0.002563752173493
CYS 841,-0.001295006462469,0.003522600734124
PHE 842,0.012336338179249,0.004429095616121
PHE 843,-0.004221452301685,0.003915573158812
PRO 844,-0.004948153677441,0.003714593404664
ASN 845,-0.00097297194437,0.00365972662333
GLY 846,-0.006588870655747,0.003010610422771
ASN 847,-0.008273854221826,0.006521091176252
ALA 848,0.003139595090171,0.002036542250366
PHE 849,-0.0071867632754,0.002173161472362
ALA 850,0.001375931280872,0.002977713113636
THR 851,-0.005505701239691,0.003725501271829
GLY 852,-0.001563387579626,0.003700927403481
SER 853,0.006762476704777,0.0050549470164
ASP 854,1.53205215067901,0.2608343211085
ASP 855,1.45935296749292,0.261650543942484
ALA 856,0.000250402292135,0.003825962924889
THR 857,0.001394214560965,0.003401246571603
CYS 858,-0.003726644782652,0.003362135017373
ARG 859,-1.39322985739626,0.239341574719345
LEU 860,-0.005388187697466,0.002031899544055
PHE 861,0.007606700514426,0.002825564328153
ASP 862,1.34653511176314,0.207781737101575
LEU 863,-0.007337985955333,0.002368317509382
ARG 864,-1.34213474523491,0.204192351797025
ALA 865,-0.007292663688214,0.002334543755901
ASP 866,1.28195254459254,0.183036191517152
GLN 867,0.002384873853901,0.002187587213902
GLU 868,1.32411723397334,0.21295306488012
LEU 869,-0.006323654249788,0.002393238033395
MET 870,5.9049221869813E-05,0.005512415564031
THR 871,-0.002643613878393,0.001788284912109
TYR 872,-0.00059728552704,0.004669177141552
SER 873,-0.004572380662774,0.005320451255773
HIE 874,0.004449546875683,0.011398814761728
ASP 875,1.46399203868369,0.326790632677329
ASN 876,0.00557719185307,0.011109976099959
ILE 877,-0.009624340878082,0.003619601448466
ILE 878,-0.00836287523078,0.006457376927118
CYS 879,-0.001536037978397,0.00548335845377
GLY 880,0.015185105797498,0.006530464762751
ILE 881,-0.004021238912877,0.004074992144235
THR 882,-0.008145457623205,0.005807696664512
SER 883,0.003019862370754,0.005877186131883
VAL 884,0.002345193493341,0.003548226092164
SER 885,-0.000232185677711,0.005906729617658
PHE 886,0.007603232001019,0.003278851318677
SER 887,-0.019164073038259,0.007946354409096
LYS 888,-1.62367612495522,0.281585962263487
SER 889,-0.014855879311486,0.004844600040097
GLY 890,-0.00620217430691,0.002563393598251
ARG 891,-1.51170033138972,0.294924423598128
LEU 892,-0.002138573095057,0.004462061906379
LEU 893,0.005199108574974,0.005260568523502
LEU 894,-0.010511872227361,0.005851235790552
ALA 895,0.005580790827962,0.005304785294107
GLY 896,-0.012820041732047,0.005012554042888
TYR 897,0.016420521802251,0.006022140074148
ASP 898,1.67177820355342,0.318573166135558
ASP 899,1.65477890039284,0.369484755626419
PHE 900,0.00989716619668,0.007402067123269
ASN 901,0.001305593790687,0.014728224634729
CYS 902,0.007411774100691,0.0068898938115
ASN 903,0.002207116958583,0.009820924467405
VAL 904,-0.001107468914113,0.004164781930577
TRP 905,0.002049754492334,0.003110729198423
ASP 906,1.50086273223258,0.301439279719773
ALA 907,-0.008177026813567,0.003136133034466
LEU 908,-0.008527983677179,0.003535615249205
LYS 909,-1.44771629720368,0.299548967438411
ALA 910,-0.004036260618385,0.003971771985974
ASP 911,1.51159110037362,0.333216997299268
ARG 912,-1.60474418610338,0.380167880661988
ALA 913,0.005152930950072,0.005932639685184
GLY 914,-0.011634776965548,0.007046600522461
VAL 915,0.00583948635916,0.005780653152752
LEU 916,-0.006040354655612,0.006051323920062
ALA 917,0.008381854596317,0.00685466625662
GLY 918,0.01511615039565,0.00662413825297
HIE 919,-0.014029531305589,0.013609695867602
ASP 920,1.98143347140198,0.44382381558513
ASN 921,-0.008888719043001,0.015481576210219
ARG 922,-1.65204158871134,0.295527586930844
VAL 923,-0.011062388162584,0.004560613974398
SER 924,-0.011396982467572,0.004094447633214
CYS 925,0.015051548290011,0.00751827220971
LEU 926,-0.006593806007337,0.005388339143049
GLY 927,0.011024696703355,0.005078301304985
VAL 928,-0.005802781992468,0.004852113825039
THR 929,-0.011801508328059,0.006211274727265
ASP 930,1.62707022881535,0.264704643625521
ASP 931,1.74437346942841,0.309500920179992
GLY 932,0.001089905733085,0.004391904872508
MET 933,0.009941121564824,0.010050121139375
ALA 934,-0.01201405959902,0.006036185331592
VAL 935,0.015245890431376,0.005537294990181
ALA 936,-0.014175639317577,0.00483700746517
THR 937,0.021073457988958,0.008674386007375
GLY 938,-0.011311205641834,0.004341707695712
SER 939,0.010259814669318,0.008897554401333
TRP 940,0.014260061903389,0.004873657721294
ASP 941,1.96829111264944,0.412047696013465
SER 942,0.016957499820869,0.008508306192516
PHE 943,-0.019442492155034,0.008594546497061
LEU 944,0.0192491899906,0.00720484030687
LYS 945,-2.01521569061413,0.467356846539576
ILE 946,0.009766787184163,0.007733805086231
TRP 947,-0.00027976501179,0.004461528176857
ASN 948,1.887935012508,0.412189906331109
THR 949,-1.23233262392974,0.145273248111787
ALA 950,-0.003600363945489,0.003319006421016
SER 951,8.1519391776554E-05,0.003125332049381
ILE 952,0.002640802920282,0.002040381827084
ALA 953,-0.000358946983286,0.001790168876696
GLN 954,-0.002175552555465,0.004869221799843
ALA 955,0.001971217256053,0.00194303864431
ARG 956,-1.15623716282626,0.127383372205868
LYS 957,-1.24506093670226,0.146885423880408
LEU 958,0.001370030045426,0.001814651893653
VAL 959,0.002440410599598,0.001962189461249
GLU 960,1.18088745285219,0.139004655930564
GLN 961,-0.003508292525032,0.00441442904938
LEU 962,0.000986330356129,0.001786120621824
LYS 963,-1.16071797381807,0.136701972637192
MET 964,-0.00145569957695,0.002986577578166
GLU 965,1.27562438619151,0.171682378317639
ALA 966,0.000845871363535,0.002310003883652
ASN 967,-0.004010727864764,0.004051134968341
ILE 968,-0.005784951623232,0.00187078714801
ASP 969,1.22547878850237,0.166157026053422
ARG 970,-1.25299876861814,0.17509284656419
ILE 971,0.00081600163403,0.001557251118087
LYS 972,-1.22226563912659,0.184676337147434
VAL 973,0.006280114041296,0.002178910020227
SER 974,0.008144999099973,0.002847702974148
LYS 975,-1.27749175508278,0.192524569217234
ALA 976,0.00639901608065,0.002200795287948
ALA 977,0.008019237448617,0.002605542547936
ALA 978,0.007882206451983,0.002916386374365
ASP 979,1.34995996113156,0.21131766346886
LEU 980,0.007562308158789,0.002629707409191
MET 981,0.010339712420748,0.00473136976398
ALA 982,0.007610081293293,0.003033849303494
TYR 983,0.005873022310935,0.005153264240469
CYS 984,0.01080609264412,0.004658974718611
GLU 985,1.47867258525354,0.271675265051199
ALA 986,0.006761045941327,0.003103276460741
HIE 987,0.021887233676243,0.007593449642798
ALA 988,0.012061745992633,0.004799545448204
LYS 989,-1.55944632710555,0.285741969573833
GLU 990,1.60970078153309,0.278787813599171
ASP 991,1.6356506832017,0.311209280386116
PRO 992,0.004907011163582,0.006243645990366
LEU 993,0.005961634862381,0.006645425144853
LEU 994,0.004573260353744,0.006558564624989
THR 995,-0.00182364858873,0.005527355617171
PRO 996,-0.009971854095747,0.006808015213662
VAL 997,0.008480101263658,0.007707679004704
PRO 998,-0.004233242601615,0.007264727299838
ALA 999,-0.000914206650464,0.007929616239159
SER1000,-0.002063194871468,0.010744758376226
GLU1001,1.84657203603229,0.344145451571904
ASN1002,0.003302348707444,0.010123507740961
PRO1003,0.019372508640135,0.007140617785471
PHE1004,0.008768736265849,0.006577799072623
ARG1005,-2.11362493757732,0.457496675131732
GLU1006,4.41893942655042,0.9872111948331
VAL1007,-1.72368519678512,0.222712382805268
GLN1008,0.006342907387088,0.012308307540191
LEU1009,-0.011658719498631,0.004381567594067
VAL1010,0.007652642475786,0.003193968743235
GLU1011,1.88076726669263,0.255613893749345
SER1012,0.013592789815588,0.008437838092883
GLY1013,0.003491409345052,0.008714813192754
GLY1014,-0.002415552923715,0.007379895786832
GLY1015,0.015542511425101,0.006605414919498
LEU1016,0.004044434562039,0.003815614018228
VAL1017,-0.011318654424551,0.005256378788185
GLN1018,-0.000741846363753,0.021359447200373
PRO1019,-0.000761083837336,0.006349936568749
GLY1020,0.010497307049047,0.005881697107536
GLY1021,0.024955556990689,0.009269055858858
SER1022,-0.019730995965482,0.010166407781494
ARG1023,-2.03961318473025,0.285070706411958
LYS1024,-2.20959594341439,0.343694729036651
LEU1025,0.016606200825878,0.005617832115985
SER1026,-0.012087308138816,0.007857194696633
CYS1027,0.008851832751,0.004734283305832
SER1028,-0.00838435732823,0.007098729795534
ALA1029,5.92692529025841E-05,0.003684406189121
SER1030,-0.00011758983606,0.00524663509438
GLY1031,-0.00429143260345,0.002917207158722
PHE1032,-0.000478913180466,0.00346001901417
ALA1033,0.010157163089652,0.004168291421884
PHE1034,0.012385914953058,0.005399094867028
SER1035,0.018973132196628,0.00968957779849
SER1036,0.011623285661857,0.008890620271431
PHE1037,0.010955762396594,0.00505522221635
GLY1038,-0.021853000788928,0.006947611844323
MET1039,0.01502108594697,0.006500528528977
HIE1040,-0.005408514111451,0.00752291631
TRP1041,0.005681509406594,0.004786502748808
VAL1042,-0.005103865651296,0.004931754404531
ARG1043,-2.20106480958622,0.335951943423248
GLN1044,-0.003222234800964,0.008853129904425
ALA1045,0.00157160362108,0.007159541186069
PRO1046,-0.00188524265654,0.006495240808653
GLU1047,1.95518609830143,0.272087331147262
LYS1048,-2.16017699581693,0.324870916536727
GLY1049,0.01089109638279,0.006771432956939
LEU1050,0.00882337706017,0.003973360884847
GLU1051,2.19752792431034,0.338870973813418
TRP1052,0.018167888590128,0.007347969808419
VAL1053,0.025005345024947,0.007920642748167
ALA1054,-0.021210367403291,0.006921620796126
TYR1055,0.008337778940365,0.005626982055491
ILE1056,-0.019482703628944,0.006461940511481
SER1057,-0.00030762953462,0.012239447447811
SER1058,0.026393676343518,0.010969168578385
GLY1059,0.02103709817161,0.007430648894152
SER1060,0.019682083251882,0.010055140541137
GLY1061,0.027867959195443,0.01073435799333
THR1062,-0.008140974946541,0.006709195962504
ILE1063,0.02171776855198,0.008914674044107
TYR1064,-0.031724117094648,0.016285625627575
TYR1065,0.002056606081487,0.006267536173215
ALA1066,0.016552841244459,0.008414042400983
ASP1067,2.58810107835603,0.470284070572765
THR1068,0.002274509184396,0.009769178747142
VAL1069,0.002108715345524,0.005974093995351
LYS1070,-2.67568147507824,0.500043261014154
GLY1071,0.00247340448915,0.008171609510085
ARG1072,-2.42621218495619,0.404090652825435
PHE1073,0.02966367244132,0.010384717400015
THR1074,-0.003767363211486,0.010716793047016
ILE1075,0.024054850682885,0.008328946865108
SER1076,-0.018595138187238,0.010453664486464
ARG1077,-2.12926705061248,0.333229721163758
ASP1078,2.10164752108198,0.315178822962284
ASP1079,2.09919437260747,0.322025333118712
PRO1080,-0.019342332705437,0.005739382799301
LYS1081,-2.03025900021845,0.295523259903643
ASN1082,-0.005646029038045,0.01058169429154
THR1083,0.00396443443596,0.003835029007247
LEU1084,-0.017031565727568,0.005992421770213
PHE1085,0.007661079968842,0.005738581627967
LEU1086,-0.01590919015288,0.005833806143834
GLN1087,0.00568201850985,0.025136612535699
MET1088,-0.018019494847626,0.008139759412707
THR1089,-0.005728706845823,0.011187838786016
SER1090,0.010408615315191,0.011558952541207
LEU1091,0.010442269584952,0.006733611562514
ARG1092,-2.35800661489202,0.370396768088468
SER1093,-0.014045286350921,0.010807140498871
GLU1094,2.1977311177912,0.326279151417495
ASP1095,2.2740214822098,0.355982717224557
THR1096,0.004283262197489,0.006466731106432
ALA1097,0.005195552942439,0.004028599731686
MET1098,0.012905360478949,0.006598538438447
TYR1099,-0.007130866154363,0.003658990803452
TYR1100,0.013824527407136,0.00618292981352
CYS1101,-0.017155107033319,0.006195643739287
VAL1102,0.015236814003972,0.004634387799039
ARG1103,-1.86417528474685,0.265440441878685
SER1104,0.002987527590636,0.007252492222456
ILE1105,-0.007823884107469,0.004145215348512
TYR1106,0.001978350784621,0.006332117106754
TYR1107,-0.003486039687325,0.005942094821056
TYR1108,-0.006494094792451,0.004308523138408
GLY1109,-0.01279736255363,0.004494168590294
SER1110,-0.008845597697878,0.008089162589656
SER1111,-0.009598878320332,0.005508630503318
PRO1112,-0.022883118586371,0.006794908590255
PHE1113,-0.0143390301016,0.004703034657893
ASP1114,1.85126492145547,0.263499849274224
PHE1115,0.014003756525821,0.004172316312407
TRP1116,-0.011449009459647,0.00408594970421
GLY1117,-0.008967049959618,0.005465406154314
GLN1118,-0.009195525075304,0.010631549674658
GLY1119,-0.019952729954424,0.005858365094602
THR1120,0.012891454698429,0.00694503020619
THR1121,-0.001250433242582,0.005765662728849
LEU1122,-0.007552908064917,0.004911353132097
THR1123,-0.002776891332652,0.006097514644405
VAL1124,-0.009818904374931,0.008591237253261
SER1125,2.0426807561351,0.283034581555059
ASP1126,-0.013151537282468,0.033043948283148
ILE1127,-0.002603561544501,0.007743436028891
VAL1128,-0.002870908841362,0.00546177923807
MET1129,0.013977939064047,0.008016652549827
THR1130,0.001268732443542,0.008225772847481
GLN1131,0.025283165937033,0.008090233817501
ALA1132,0.001601336700009,0.005407772477642
THR1133,0.001137510161818,0.006802874004754
SER1134,-0.004349616715787,0.006548298728452
SER1135,0.002158698017818,0.004593842802831
VAL1136,0.002276541756388,0.002264655687644
PRO1137,0.004904639669599,0.003532115483061
VAL1138,-0.00240252554217,0.002514302936174
THR1139,0.003135755025359,0.004010412314777
PRO1140,-0.005784533239211,0.002572629019452
GLY1141,-0.004729971011888,0.002350506002599
GLU1142,1.48301608172645,0.176396426361575
SER1143,-0.004353223855836,0.004026397655957
VAL1144,-0.00300553246027,0.001967784128965
SER1145,-0.00466179268419,0.006573497860704
ILE1146,-0.002148939283748,0.003393690158876
SER1147,0.002607945399189,0.007985128436664
CYS1148,-0.005859452677425,0.005241339718039
ARG1149,-2.00913230669203,0.318504803922398
SER1150,-0.003294765908072,0.003917274075777
SER1151,-0.001534436087466,0.009647598639004
LYS1152,-2.4291960927315,0.46223328253934
SER1153,0.014402292714774,0.007440490497744
LEU1154,0.005295796429102,0.004317429550863
LEU1155,0.022034063211611,0.007652035573243
HIE1156,-0.054736277187122,0.018468128476808
SER1157,-0.021648251307286,0.011705359147931
ASN1158,-0.030834689635458,0.011714431752829
GLY1159,-0.01568318836406,0.00584602533981
ASN1160,-0.003027874857537,0.009452913034157
THR1161,-0.007334970586216,0.003546814985747
TYR1162,0.0067993166148,0.005288379773279
LEU1163,-0.003016530428031,0.003524252396178
TYR1164,0.006881460539242,0.007265492397455
TRP1165,0.001020325908422,0.003215942160464
PHE1166,-0.000361613642463,0.002955914290472
LEU1167,0.008938764370162,0.004129929442669
GLN1168,0.008966821706007,0.00613019304936
ARG1169,-1.63530046162777,0.204554150906036
PRO1170,-0.004370043508383,0.002831342015859
GLY1171,-0.004105896742801,0.004115889330609
GLN1172,0.011183980396636,0.010125285630622
SER1173,-0.021085708556,0.008603000041353
PRO1174,-0.00547227570164,0.004292790416574
GLN1175,-0.003407585715409,0.007838899023619
LEU1176,-0.0156885656302,0.004912331847923
LEU1177,-0.009486544019563,0.003154342024355
ILE1178,0.007492782656565,0.002930538032997
TYR1179,-0.016024822541122,0.007132254001824
ARG1180,-1.96142939474364,0.314347771990794
MET1181,-0.006507827410756,0.005954694298366
SER1182,-0.006820580830796,0.005802034384749
ASN1183,-0.004665874647822,0.009266014244488
LEU1184,0.005929008530909,0.003554283494412
ALA1185,-0.014511598237145,0.004083042459109
SER1186,0.00199596384163,0.006749524032307
GLY1187,-0.003960679978579,0.003366507733558
VAL1188,-0.005256980345456,0.002812048936858
PRO1189,0.014538679436815,0.004138434152372
ASP1190,1.55113750736187,0.19927958684833
ARG1191,-1.55663949433083,0.19125452938008
PHE1192,-0.006553878280387,0.002978746772652
SER1193,0.002398609147321,0.004819026413708
GLY1194,-0.00864968218558,0.003630843015592
SER1195,0.007766841329344,0.006368254015971
GLY1196,-0.008511000977422,0.003856232391704
SER1197,0.002872411105161,0.007458441481712
GLY1198,0.004757911623831,0.005216123191011
THR1199,0.004286470903909,0.011399239833982
ALA1200,0.002165030680812,0.003664156766888
PHE1201,0.001904701426936,0.00280024214767
THR1202,0.001015359586412,0.005233345538491
LEU1203,0.000439734533203,0.002040725732886
THR1204,0.004445211214263,0.004771041096442
ILE1205,-0.000449940006516,0.001815390278235
SER1206,-0.000340752578684,0.004992728231715
ARG1207,-1.46583078730899,0.176995779481055
LEU1208,-0.014261643354592,0.003490027574509
GLU1209,1.49554456255188,0.175693531849736
ALA1210,0.009432435681767,0.002853721130381
GLU1211,1.55697884012723,0.186014609495527
ASP1212,1.60207980745662,0.199275318787911
VAL1213,0.002245857875611,0.002119870013241
GLY1214,-0.006707209532797,0.002493495527261
VAL1215,-0.003239353857945,0.002882414980263
TYR1216,0.005645119180564,0.002452898375938
TYR1217,-0.007980929437127,0.005116930910709
CYS1218,0.011995147489599,0.00550878416283
MET1219,-0.013540931831374,0.006278077796832
GLN1220,0.007507812313769,0.007179000982435
HIE1221,-0.010129948310233,0.017549666329249
LEU1222,0.007870218712824,0.005592643041329
GLU1223,2.44028102095777,0.453382171692404
TYR1224,0.011859887154579,0.011274032336814
PRO1225,-0.000794608273508,0.007721893496264
LEU1226,0.015266206429514,0.007883052181963
THR1227,-0.011417581552316,0.007133649374764
PHE1228,0.017516201411332,0.005480479608771
GLY1229,0.002779313824841,0.004616184637232
ALA1230,-0.008950630911499,0.004607976003451
GLY1231,0.002002385797048,0.00371386648512
THR1232,0.006754395189287,0.004029326119877
LYS1233,-1.68823867096583,0.209491790859384
LEU1234,0.003902915190235,0.003101287300668
GLU1235,1.6266894809228,0.195140684397954
LEU1236,1.54355665448447,0.176043627791659
