Residues,Mean_APO,Mean_CPX,Diff
PRO3CAz,-56.400684,-65.127415,8.72673100000001
VAL79CAz,-50.662617,-52.978697,2.31608
GLU250CAy,-25.738923,-31.6935595,5.9546365
GLN11CAx,-16.673739,-12.83974,-3.833999
THR252CAy,-25.648449,-29.935016,4.28656700000001
SER251CAy,-28.056542,-32.972582,4.91604
HIE5CAy,-16.997329,-23.681309,6.68398000000001
CYS4CAz,-57.920998,-64.29819,6.377192
GLN257CAy,-21.596796,-25.129116,3.53232
CYS249CAy,-24.96801,-30.7895685,5.8215585
SER253CAy,-22.992677,-27.6675655,4.67488849999999
GLN254CAy,-25.23648,-29.4787775,4.24229750000001
ALA258CAy,-24.457305,-27.099837,2.64253199999999
LEU255CAy,-25.862017,-29.072533,3.21051599999999
ASP256CAy,-22.130503,-25.34411,3.21360699999999
ASN248CAy,-28.484948,-34.065356,5.580408
LYS6CAy,-18.157579,-23.406354,5.24877500000001
CYS4CAy,-17.359128,-24.2050855,6.84595750000001
SER247CAy,-29.981538,-34.4333845,4.45184650000001
PHE244CAx,2.289656,7.673186,-5.38353
ALA14CAx,-16.417723,-12.779092,-3.638631
GLU921CAx,0.649197,-3.1949555,3.8441525
GLN15CAx,-19.80365,-16.2960935,-3.50755650000001
GLN260CAy,-19.589448,-21.730108,2.14066
ALA2CAz,-56.039158,-64.699302,8.660144
GLU242CAz,-56.475879,-54.0906365,-2.3852425
PHE243CAx,5.697991,10.066384,-4.368393
VAL261CAy,-21.309789,-23.514344,2.204555
LEU553CAx,-33.867746,-36.8873325,3.01958650000002
SER915CAy,27.401536,30.4701125,-3.0685765
SER554CAx,-35.727126,-38.6294745,2.9023485
GLY1CAz,-55.407338,-63.896176,8.48883800000002
GLY245CAx,0.945069,6.3047145,-5.3596455
SER247CAz,-59.319658,-57.2134615,-2.10619650000002
THR552CAx,-36.252825,-39.7665995,3.5137745
PHE240CAy,-29.643953,-31.707494,2.06354100000001
PHE7CAx,-12.787399,-9.1075255,-3.6798735
HIE5CAz,-58.637347,-61.428458,2.79111100000001
PRO3CAy,-16.798723,-22.7035995,5.9048765
VAL234CAx,-2.607063,-0.3536565,-2.2534065
GLN567CAy,15.862116,18.3343085,-2.47219250000001
GLU916CAy,27.965188,30.132412,-2.167224
LYS10CAx,-13.240671,-10.2587045,-2.9819665
THR239CAy,-26.2363,-28.396031,2.15973099999999
ALA914CAy,24.788418,27.63951,-2.85109199999999
ASN238CAx,0.206827,2.748932,-2.542105
ASP8CAx,-15.604295,-12.473847,-3.130448
ILE235CAx,0.354353,2.430886,-2.076533
HIE5CAx,-8.649494,-4.862798,-3.786696
VAL1051CAy,51.348127,48.3962995,2.95182749999999
LYS10CAy,-17.400136,-20.5009165,3.1007805
GLU916CAz,-7.601289,-5.1841855,-2.4171035
THR239CAx,3.980828,6.24848,-2.267652
SER1050CAy,50.304019,47.3370955,2.96692349999999
SER1050CAx,27.545137,30.723186,-3.17804900000001
LEU246CAz,-59.761719,-56.871622,-2.89009700000002
SER1049CAx,25.967861,29.868417,-3.90055600000001
PRO913CAy,27.154836,29.5269665,-2.3721305
ILE233CAx,-0.99228,1.18936,-2.18164
ALA2CAy,-17.275934,-22.7279215,5.45198750000001
THR1011CAy,30.916568,28.8566995,2.0598685
ARG938CAy,19.211843,16.9290925,2.2827505
ILE12CAx,-18.025862,-15.1291865,-2.8966755
PRO934CAy,27.752585,24.9081425,2.84444250000001
LYS6CAx,-11.079052,-7.7075395,-3.3715125
SER915CAz,-11.286719,-8.877201,-2.409518
GLN241CAx,2.242983,5.1220915,-2.8791085
GLU242CAx,4.64274,7.8813735,-3.2386335
VAL932CAy,24.86496,22.224073,2.64088700000001
GLN154CAx,1.207863,3.762714,-2.554851
GLN933CAy,26.154173,23.2069535,2.94721950000001
THR1038CAy,29.053564,26.8170545,2.2365095
VAL161CAx,-3.123812,-1.018647,-2.105165
LEU931CAy,25.790387,23.3544745,2.4359125
GLY930CAy,24.094782,21.91075,2.184032
LYS939CAy,17.094505,15.0442745,2.0502305
LEU237CAx,0.382508,2.7110355,-2.3285275
VAL1039CAy,29.273083,26.782202,2.49088100000001
THR1048CAx,24.259702,26.828613,-2.568911
GLU1009CAy,33.09694,30.928117,2.168823
ASP1010CAy,29.620544,27.57692,2.04362399999999
GLY936CAy,22.508345,19.7792535,2.72909150000001
