Column,Stable Mean,Unstable Mean,P-Value,Diff
ARG75CDy,-18.224,-17.1391,0,-1.0849
ARG75NEy,-17.4847,-16.3624,0,-1.1223
ARG75Ny,-14.9412,-13.8287,0,-1.1125
ASP43OD1x,1.4507,0.402,0,1.0487
ASP73CBy,-12.7601,-11.5366,0,-1.2235
ASP73Ny,-11.222,-9.8499,0,-1.3721
ASP73OD1y,-14.4855,-13.344,0,-1.1415
ASP84CAy,0.5502,1.8519,0,-1.3017
ASP84CBx,25.1938,23.7944,0,1.3994
ASP84CBz,-58.168,-57.0122,0,-1.1558
ASP84CGz,-57.8162,-56.811,0,-1.0052
ASP84Nz,-58.7432,-57.3413,0,-1.4019
ASP84OD2x,25.0018,23.7123,0,1.2895
ASP84Ox,25.2269,23.6719,0,1.555
CYS2Cx,-4.1899,-5.2337,0,1.0438
CYS2Nx,-1.8919,-2.9962,0,1.1043
CYS2Ox,-4.5216,-5.663,0,1.1414
GLN5CDx,-15.0684,-16.2414,0,1.173
GLN5CGx,-14.3937,-15.5355,0,1.1418
GLN5NE2x,-15.645,-16.853,0,1.208
GLN5OE1x,-15.0982,-16.2659,0,1.1677
GLN70CAy,-8.5042,-7.3165,0,-1.1877
GLN70Ny,-9.1904,-8.0793,0,-1.1111
GLN70Oy,-9.9421,-8.5788,0,-1.3633
GLN7CDx,-19.0464,-20.1892,0,1.1428
GLN7CDz,-57.2811,-56.1359,0,-1.1452
GLN7CGx,-18.6498,-19.7935,0,1.1437
GLN7NE2x,-19.3565,-20.5729,0,1.2164
GLN7NE2z,-57.4228,-56.1177,0,-1.3051
GLN7OE1x,-19.083,-20.1575,0,1.0745
GLN7OE1z,-57.417,-56.277,0,-1.14
GLN96NE2x,-4.7457,-5.835,0,1.0893
GLU56CBy,-12.324,-11.2012,0,-1.1228
GLU56OE1y,-14.8365,-13.5596,0,-1.2769
GLY80Oz,-56.0193,-54.8383,0,-1.181
GLY81Cz,-57.6715,-56.2547,0,-1.4168
GLY81Oz,-58.3617,-56.8302,0,-1.5315
LEU68CGy,-6.1717,-5.1382,0,-1.0335
LYS1CAx,-0.7812,-2.186,0,1.4048
LYS1CBx,-1.3673,-2.9509,0,1.5836
LYS1CDx,-2.1174,-4.0485,0,1.9311
LYS1CDz,-56.8308,-55.5642,0,-1.2666
LYS1CEx,-2.4871,-4.5158,0,2.0287
LYS1CEz,-56.408,-54.9835,0,-1.4245
LYS1CGx,-1.6524,-3.3975,0,1.7451
LYS1Cx,-1.6659,-2.9493,0,1.2834
LYS1Nx,0.001,-1.4737,0,1.4747
LYS1NZx,-2.8091,-4.9634,0,2.1543
LYS1NZz,-56.1569,-54.4239,0,-1.733
LYS1Ox,-2.1511,-3.5065,0,1.3554
LYS71CBy,-6.9195,-5.2718,0,-1.6477
LYS71CDy,-5.4184,-3.7681,0,-1.6503
LYS71CEy,-4.8441,-3.1907,0,-1.6534
LYS71CEz,-64.0906,-62.9544,0,-1.1362
LYS71Oy,-9.6265,-7.9414,0,-1.6851
PRO74CAy,-13.6198,-12.326,0,-1.2938
PRO74Cy,-14.4291,-13.2625,0,-1.1666
PRO83CDz,-59.3709,-57.7554,0,-1.6155
PRO83Cy,0.1796,1.2329,0,-1.0533
PRO85CAx,26.4632,24.5471,0,1.9161
PRO85CAy,1.9199,3.2626,0,-1.3427
PRO85CAz,-59.6377,-57.6769,0,-1.9608
PRO85CBx,26.8962,24.8875,0,2.0087
PRO85CDx,25.9956,24.3491,0,1.6465
PRO85Cx,27.0774,24.9361,0,2.1413
PRO85Cz,-59.7629,-57.7475,0,-2.0154
PRO85Nz,-59.1503,-57.4514,0,-1.6989
PRO85Ox,27.3271,25.0605,0,2.2666
PRO85OXTx,27.3163,25.1215,0,2.1948
PRO85Oy,1.5927,3.375,0,-1.7823
PRO85Oz,-59.8444,-57.7628,0,-2.0816
SER72CAy,-9.4751,-7.9664,0,-1.5087
SER72CBz,-58.272,-57.1643,0,-1.1077
SER72Ny,-8.8156,-7.3114,0,-1.5042
TYR3CAx,-6.4374,-7.4413,0,1.0039
TYR3CBx,-6.8072,-7.8739,0,1.0667
TYR3CD1x,-8.9119,-10.0277,0,1.1158
TYR3CD2x,-8.6834,-9.912,0,1.2286
TYR3CE1x,-10.1645,-11.3492,0,1.1847
TYR3CE2x,-9.937,-11.2322,0,1.2952
TYR3CGx,-8.1658,-9.3045,0,1.1387
TYR3CZx,-10.6803,-11.9537,0,1.2734
VAL69CAy,-9.8467,-8.808,0,-1.0387
VAL69CBy,-11.0159,-9.8778,0,-1.1381
VAL69CG1y,-11.3199,-10.2837,0,-1.0362
VAL69Cy,-8.9519,-7.8284,0,-1.1235
